movieId,title,genres
1076,"Innocents, The (1961)",Drama|Horror|Thriller
2939,Niagara (1953),Drama|Thriller
3338,For All Mankind (1989),Documentary
3456,"Color of Paradise, The (Rang-e khoda) (1999)",Drama
4194,I Know Where I'm Going! (1945),Drama|Romance|War
5721,"Chosen, The (1981)",Drama
6668,"Road Home, The (Wo de fu qin mu qin) (1999)",Drama|Romance
6849,Scrooge (1970),Drama|Fantasy|Musical
7020,Proof (1991),Comedy|Drama|Romance
7792,"Parallax View, The (1974)",Thriller
8765,This Gun for Hire (1942),Crime|Film-Noir|Thriller
25855,"Roaring Twenties, The (1939)",Crime|Drama|Thriller
26085,Mutiny on the Bounty (1962),Adventure|Drama|Romance
30892,In the Realms of the Unreal (2004),Animation|Documentary
32160,Twentieth Century (1934),Comedy
32371,Call Northside 777 (1948),Crime|Drama|Film-Noir
34482,"Browning Version, The (1951)",Drama
85565,Chalet Girl (2011),Comedy|Romance
