query,rank,movieId,title,genres,content_score,count,weighted_score
Toy Story (1995),1,4886,"Monsters, Inc. (2001)",Adventure|Animation|Children|Comedy|Fantasy,1.0,132,3.840407526412524
Toy Story (1995),2,3114,Toy Story 2 (1999),Adventure|Animation|Children|Comedy|Fantasy,1.0,97,3.821272328471592
Toy Story (1995),3,4016,"Emperor's New Groove, The (2000)",Adventure|Animation|Children|Comedy|Fantasy,1.0,37,3.663646608232725
Toy Story (1995),4,91355,Asterix and the Vikings (Astérix et les Vikings) (2006),Adventure|Animation|Children|Comedy|Fantasy,1.0,1,3.616821831031042
Toy Story (1995),5,166461,Moana (2016),Adventure|Animation|Children|Comedy|Fantasy,1.0,10,3.478121991063797
Toy Story (1995),6,65577,"Tale of Despereaux, The (2008)",Adventure|Animation|Children|Comedy|Fantasy,1.0,1,3.4629756771848883
Toy Story (1995),7,45074,"Wild, The (2006)",Adventure|Animation|Children|Comedy|Fantasy,1.0,1,3.42451413872335
Toy Story (1995),8,103755,Turbo (2013),Adventure|Animation|Children|Comedy|Fantasy,1.0,1,3.42451413872335
Toy Story (1995),9,136016,The Good Dinosaur (2015),Adventure|Animation|Children|Comedy|Fantasy,1.0,4,3.3761677377127217
Toy Story (1995),10,2294,Antz (1998),Adventure|Animation|Children|Comedy|Fantasy,1.0,45,3.2985734000597113
Heat (1995),1,6874,Kill Bill: Vol. 1 (2003),Action|Crime|Thriller,1.0,131,3.92320757904478
Heat (1995),2,171763,Baby Driver (2017),Action|Crime|Thriller,1.0,9,3.8580325620668354
Heat (1995),3,1036,Die Hard (1988),Action|Crime|Thriller,1.0,145,3.834513909575819
Heat (1995),4,1953,"French Connection, The (1971)",Action|Crime|Thriller,1.0,39,3.78468007457654
Heat (1995),5,8665,"Bourne Supremacy, The (2004)",Action|Crime|Thriller,1.0,75,3.747341193142569
Heat (1995),6,168248,John Wick: Chapter Two (2017),Action|Crime|Thriller,1.0,7,3.7378254633370283
Heat (1995),7,86892,The Man from Nowhere (2010),Action|Crime|Thriller,1.0,3,3.70124558689357
Heat (1995),8,4855,Dirty Harry (1971),Action|Crime|Thriller,1.0,20,3.672458868856361
Heat (1995),9,54286,"Bourne Ultimatum, The (2007)",Action|Crime|Thriller,1.0,81,3.672243911864554
Heat (1995),10,110501,The Raid 2: Berandal (2014),Action|Crime|Thriller,1.0,7,3.6588780949159756
Sabrina (1995),1,4973,"Amelie (Fabuleux destin d'Amélie Poulain, Le) (2001)",Comedy|Romance,1.0,120,4.1213536651773
Sabrina (1995),2,951,His Girl Friday (1940),Comedy|Romance,1.0,14,3.981487838592444
Sabrina (1995),3,905,It Happened One Night (1934),Comedy|Romance,1.0,14,3.9430263001309056
Sabrina (1995),4,1307,When Harry Met Sally... (1989),Comedy|Romance,1.0,85,3.814625606220655
Sabrina (1995),5,7121,Adam's Rib (1949),Comedy|Romance,1.0,4,3.8136677377127217
Sabrina (1995),6,1230,Annie Hall (1977),Comedy|Romance,1.0,58,3.807409768620051
Sabrina (1995),7,497,Much Ado About Nothing (1993),Comedy|Romance,1.0,43,3.745794250970974
Sabrina (1995),8,955,Bringing Up Baby (1938),Comedy|Romance,1.0,18,3.7172894601134514
Sabrina (1995),9,6442,Belle époque (1992),Comedy|Romance,1.0,2,3.715620271671681
Sabrina (1995),10,58998,Forgetting Sarah Marshall (2008),Comedy|Romance,1.0,39,3.70624870202752
