config,hit_rate_at_10_mean,catalog_coverage_mean,train_seconds_mean,model_size_kb_mean,pareto_optimal,dominated_by
popularity,0.0425894378194207,0.0121636944644881,0.0,75.7890625,True,
hybrid f=10 a=0.75,0.0403180011357183,0.05569872521733147,52.81583413333283,1115.703125,True,
hybrid f=40 a=0.5,0.0403180011357183,0.10545304607772389,68.28947656666605,3532.34375,True,
collaborative f=10,0.0391822827938671,0.05363708208775723,52.81583413333283,805.546875,True,
hybrid f=40 a=0.75,0.038614423622941464,0.09741263787238426,68.28947656666605,3532.34375,False,hybrid f=40 a=0.5
collaborative f=40,0.036342986939239,0.09755008074768919,68.28947656666605,3222.1875,True,
collaborative f=20,0.0352072685973878,0.07009586640552516,48.7154555666663,1611.09375,True,
hybrid f=20 a=0.75,0.0352072685973878,0.07232931312923059,48.7154555666663,1921.25,True,
hybrid f=20 a=0.5,0.0346394094264622,0.08370271106071532,48.7154555666663,1921.25,True,
hybrid f=10 a=0.5,0.033503691084610994,0.0653197264886781,52.81583413333283,1115.703125,True,
hybrid f=40 a=0.25,0.0283929585462805,0.12318317699206266,68.28947656666605,3532.34375,True,
hybrid f=10 a=0.25,0.027257240204429267,0.08225956087001336,52.81583413333283,1115.703125,True,
hybrid f=20 a=0.25,0.026689381033503632,0.1014672026938803,48.7154555666663,1921.25,True,
content,0.0051107325383304,0.0825688073394495,0.0,310.15625,True,
