profile,factors,alpha,history_size,personalized,jaccard_between_seeds,overlap_with_content_top10,any_seen_item
historial_amplio,10,0.25,2697,True,0.46520146520146516,0.13333333333333333,False
historial_amplio,10,0.5,2697,True,0.5445665445665445,0.10000000000000002,False
historial_amplio,10,0.75,2697,True,0.5018315018315018,0.10000000000000002,False
historial_amplio,20,0.25,2697,True,0.46520146520146516,0.13333333333333333,False
historial_amplio,20,0.5,2697,True,0.6239316239316239,0.10000000000000002,False
historial_amplio,20,0.75,2697,True,0.6239316239316239,0.10000000000000002,False
historial_amplio,40,0.25,2697,True,0.4334554334554334,0.13333333333333333,False
historial_amplio,40,0.5,2697,True,0.4334554334554334,0.10000000000000002,False
historial_amplio,40,0.75,2697,True,0.5584415584415584,0.10000000000000002,False
historial_pequeno,10,0.25,19,True,0.0,0.0,False
historial_pequeno,10,0.5,19,True,0.0,0.0,False
historial_pequeno,10,0.75,19,True,0.0,0.0,False
historial_pequeno,20,0.25,19,True,0.0,0.0,False
historial_pequeno,20,0.5,19,True,0.0,0.0,False
historial_pequeno,20,0.75,19,True,0.0,0.0,False
historial_pequeno,40,0.25,19,True,0.07212475633528265,0.03333333333333333,False
historial_pequeno,40,0.5,19,True,0.017543859649122806,0.03333333333333333,False
historial_pequeno,40,0.75,19,True,0.017543859649122806,0.0,False
usuario_nuevo,10,0.25,0,False,1.0,1.0,False
usuario_nuevo,10,0.5,0,False,1.0,1.0,False
usuario_nuevo,10,0.75,0,False,1.0,1.0,False
usuario_nuevo,20,0.25,0,False,1.0,1.0,False
usuario_nuevo,20,0.5,0,False,1.0,1.0,False
usuario_nuevo,20,0.75,0,False,1.0,1.0,False
usuario_nuevo,40,0.25,0,False,1.0,1.0,False
usuario_nuevo,40,0.5,0,False,1.0,1.0,False
usuario_nuevo,40,0.75,0,False,1.0,1.0,False
