config,method,factors,alpha,seeds,rmse_mean,hit_rate_at_10_mean,precision_at_10_mean,catalog_coverage_mean,mean_item_popularity_mean,train_seconds_mean,model_size_kb_mean,hit_rate_at_10_std,catalog_coverage_std,dominated_by,pareto_optimal
popularity,popularity,,,3,,0.0425894378194207,0.004258943781942,0.0121636944644881,233.31856899488926,0.0,75.7890625,0.0,0.0,,True
hybrid f=10 a=0.75,hybrid,10.0,0.75,3,1.03223111249842,0.0403180011357183,0.004031800113571766,0.05569872521733147,140.884043157297,52.81583413333283,1115.703125,0.009382573334388612,0.0017564344458141192,,True
hybrid f=40 a=0.5,hybrid,40.0,0.5,3,1.0212632993468813,0.0403180011357183,0.0040318001135718,0.10545304607772389,110.78676888131743,68.28947656666605,3532.34375,0.005204515269682956,0.0011707882374601196,,True
collaborative f=10,collaborative,10.0,,3,1.03223111249842,0.0391822827938671,0.003918228279386667,0.05363708208775723,142.93344690516753,52.81583413333283,805.546875,0.005110732538330505,0.001309319237415913,,True
hybrid f=40 a=0.75,hybrid,40.0,0.75,3,1.0212632993468813,0.038614423622941464,0.0038614423622941,0.09741263787238426,121.06978989210677,68.28947656666605,3532.34375,0.005982767605254293,0.002902819882554137,hybrid f=40 a=0.5,False
collaborative f=40,collaborative,40.0,,3,1.0212632993468813,0.036342986939239,0.003634298693923834,0.09755008074768919,122.79085746734809,68.28947656666605,3222.1875,0.008403548317404187,0.0025172597886667703,,True
collaborative f=20,collaborative,20.0,,3,1.0261226414852478,0.0352072685973878,0.0035207268597387664,0.07009586640552516,137.59687677455992,48.7154555666663,1611.09375,0.0054762355258335844,0.003949540059925399,,True
hybrid f=20 a=0.75,hybrid,20.0,0.75,3,1.0261226414852478,0.0352072685973878,0.0035207268597387664,0.07232931312923059,135.87512776831343,48.7154555666663,1921.25,0.0054762355258335844,0.004496005194518467,,True
hybrid f=20 a=0.5,hybrid,20.0,0.5,3,1.0261226414852478,0.0346394094264622,0.003463940942646167,0.08370271106071532,123.09733106189667,48.7154555666663,1921.25,0.009982053282934085,0.004363676010414761,,True
hybrid f=10 a=0.5,hybrid,10.0,0.5,3,1.03223111249842,0.033503691084610994,0.0033503691084610667,0.0653197264886781,128.0875638841567,52.81583413333283,1115.703125,0.005982767605254243,0.0014662810221181587,,True
hybrid f=40 a=0.25,hybrid,40.0,0.25,3,1.0212632993468813,0.0283929585462805,0.0028392958546280002,0.12318317699206266,88.6647927314026,68.28947656666605,3532.34375,0.001967121871174159,0.0008927176618744814,,True
hybrid f=10 a=0.25,hybrid,10.0,0.25,3,1.03223111249842,0.027257240204429267,0.0027257240204429,0.08225956087001336,102.77427597955706,52.81583413333283,1115.703125,0.0017035775127768483,0.001417145354588991,,True
hybrid f=20 a=0.25,hybrid,20.0,0.25,3,1.0261226414852478,0.026689381033503632,0.0026689381033502997,0.1014672026938803,96.27041453719477,48.7154555666663,1921.25,0.005204515269682913,0.0047656223612921635,,True
content,content,,,3,,0.0051107325383304,0.000511073253833,0.0825688073394495,32.43628620102215,0.0,310.15625,0.0,0.0,,True
