factors,epochs,seed,evaluated_users,method,alpha,rmse,rmse_global_mean,rmse_item_mean,hit_rate_at_10,precision_at_10,catalog_coverage,mean_item_popularity,eval_seconds,train_seconds,model_size_kb
10,12,42,587,popularity,,,1.1156660882916472,1.0502612591083604,0.04258943781942078,0.004258943781942078,0.012163694464488197,233.31856899488926,0.8156170000002021,0.0,75.7890625
10,12,42,587,content,,,1.1156660882916472,1.0502612591083604,0.005110732538330494,0.0005110732538330494,0.08256880733944955,32.43628620102215,10.17821399999957,0.0,310.15625
10,12,42,587,collaborative,,1.033666113980052,1.1156660882916472,1.0502612591083604,0.034071550255536626,0.0034071550255536627,0.05514895371611174,139.80204429301534,2.9211080000004586,53.20618529999956,805.546875
10,12,42,587,hybrid,0.25,1.033666113980052,1.1156660882916472,1.0502612591083604,0.028960817717206135,0.0028960817717206136,0.0838057932171941,102.56166950596253,7.938047900001038,53.20618529999956,1115.703125
10,12,42,587,hybrid,0.5,1.033666113980052,1.1156660882916472,1.0502612591083604,0.027257240204429302,0.0027257240204429305,0.0670034017111638,125.4793867120954,8.43710319999991,53.20618529999956,1115.703125
10,12,42,587,hybrid,0.75,1.033666113980052,1.1156660882916472,1.0502612591083604,0.030664395229982964,0.0030664395229982964,0.05772600762807958,138.2107325383305,8.219319600000745,53.20618529999956,1115.703125
10,12,7,587,popularity,,,1.1156660882916472,1.0502612591083604,0.04258943781942078,0.004258943781942078,0.012163694464488197,233.31856899488926,0.7902990000002319,0.0,75.7890625
10,12,7,587,content,,,1.1156660882916472,1.0502612591083604,0.005110732538330494,0.0005110732538330494,0.08256880733944955,32.43628620102215,11.238206399999399,0.0,310.15625
10,12,7,587,collaborative,,1.0265358679918481,1.1156660882916472,1.0502612591083604,0.039182282793867124,0.003918228279386713,0.052881146273580044,144.85706984667803,3.374145600000702,33.90866359999927,805.546875
10,12,7,587,hybrid,0.25,1.0265358679918481,1.1156660882916472,1.0502612591083604,0.027257240204429302,0.0027257240204429305,0.08195031440057726,102.84480408858603,13.393779899999572,33.90866359999927,1115.703125
10,12,7,587,hybrid,0.5,1.0265358679918481,1.1156660882916472,1.0502612591083604,0.039182282793867124,0.003918228279386713,0.06463251211215339,129.28517887563885,17.528302700000495,33.90866359999927,1115.703125
10,12,7,587,hybrid,0.75,1.0265358679918481,1.1156660882916472,1.0502612591083604,0.04088586030664395,0.0040885860306643955,0.05463354293371817,142.76303236797276,17.01844440000059,33.90866359999927,1115.703125
10,12,123,587,popularity,,,1.1156660882916472,1.0502612591083604,0.04258943781942078,0.004258943781942078,0.012163694464488197,233.31856899488926,0.8603812000001199,0.0,75.7890625
10,12,123,587,content,,,1.1156660882916472,1.0502612591083604,0.005110732538330494,0.0005110732538330494,0.08256880733944955,32.43628620102215,9.676127599999745,0.0,310.15625
10,12,123,587,collaborative,,1.0364913555233606,1.1156660882916472,1.0502612591083604,0.044293015332197615,0.004429301533219762,0.052881146273580044,144.1412265758092,2.9121742000006634,71.33265349999965,805.546875
10,12,123,587,hybrid,0.25,1.0364913555233606,1.1156660882916472,1.0502612591083604,0.02555366269165247,0.002555366269165247,0.08102257499226884,102.91635434412265,6.68148680000013,71.33265349999965,1115.703125
10,12,123,587,hybrid,0.5,1.0364913555233606,1.1156660882916472,1.0502612591083604,0.034071550255536626,0.0034071550255536627,0.06432326564271725,129.49812606473594,8.470626700000139,71.33265349999965,1115.703125
10,12,123,587,hybrid,0.75,1.0364913555233606,1.1156660882916472,1.0502612591083604,0.049403747870528106,0.004940374787052812,0.05473662509019689,141.67836456558774,8.05025520000163,71.33265349999965,1115.703125
20,12,42,587,popularity,,,1.1156660882916472,1.0502612591083604,0.04258943781942078,0.004258943781942078,0.012163694464488197,233.31856899488926,1.179767499999798,0.0,75.7890625
20,12,42,587,content,,,1.1156660882916472,1.0502612591083604,0.005110732538330494,0.0005110732538330494,0.08256880733944955,32.43628620102215,17.790788899999825,0.0,310.15625
20,12,42,587,collaborative,,1.0264183126391635,1.1156660882916472,1.0502612591083604,0.03747870528109029,0.003747870528109029,0.0746314812905886,136.31124361158433,4.549113799999759,37.29125099999874,1611.09375
20,12,42,587,hybrid,0.25,1.0264183126391635,1.1156660882916472,1.0502612591083604,0.03236797274275979,0.00323679727427598,0.10648386764251108,95.96695059625213,15.197720800000752,37.29125099999874,1921.25
20,12,42,587,hybrid,0.5,1.0264183126391635,1.1156660882916472,1.0502612591083604,0.030664395229982964,0.0030664395229982964,0.08865065457169365,121.57819420783646,18.332501000000775,37.29125099999874,1921.25
20,12,42,587,hybrid,0.75,1.0264183126391635,1.1156660882916472,1.0502612591083604,0.03747870528109029,0.003747870528109029,0.07751778167199258,134.67461669505963,15.938610100000005,37.29125099999874,1921.25
20,12,7,587,popularity,,,1.1156660882916472,1.0502612591083604,0.04258943781942078,0.004258943781942078,0.012163694464488197,233.31856899488926,1.3650969999998779,0.0,75.7890625
20,12,7,587,content,,,1.1156660882916472,1.0502612591083604,0.005110732538330494,0.0005110732538330494,0.08256880733944955,32.43628620102215,19.68291769999996,0.0,310.15625
20,12,7,587,collaborative,,1.0258652041462668,1.1156660882916472,1.0502612591083604,0.039182282793867124,0.003918228279386713,0.06824038758890837,135.71022146507667,5.588794600000256,58.549711199999365,1611.09375
20,12,7,587,hybrid,0.25,1.0258652041462668,1.1156660882916472,1.0502612591083604,0.02555366269165247,0.002555366269165247,0.10091743119266056,94.90170357751278,14.401728100001492,58.549711199999365,1921.25
20,12,7,587,hybrid,0.5,1.0258652041462668,1.1156660882916472,1.0502612591083604,0.04599659284497445,0.0045996592844974446,0.08205339655705597,123.37393526405451,11.762453499999538,58.549711199999365,1921.25
20,12,7,587,hybrid,0.75,1.0258652041462668,1.1156660882916472,1.0502612591083604,0.039182282793867124,0.003918228279386713,0.06958045562313163,134.35366269165246,14.428319500000725,58.549711199999365,1921.25
20,12,123,587,popularity,,,1.1156660882916472,1.0502612591083604,0.04258943781942078,0.004258943781942078,0.012163694464488197,233.31856899488926,1.465255299999626,0.0,75.7890625
20,12,123,587,content,,,1.1156660882916472,1.0502612591083604,0.005110732538330494,0.0005110732538330494,0.08256880733944955,32.43628620102215,19.742641300001196,0.0,310.15625
20,12,123,587,collaborative,,1.026084407670313,1.1156660882916472,1.0502612591083604,0.028960817717206135,0.0028960817717206136,0.06741573033707865,140.76916524701875,5.517529999999169,50.305404500000805,1611.09375
20,12,123,587,hybrid,0.25,1.026084407670313,1.1156660882916472,1.0502612591083604,0.022146507666098807,0.002214650766609881,0.09700030924646943,97.94258943781942,14.532053600001746,50.305404500000805,1921.25
20,12,123,587,hybrid,0.5,1.026084407670313,1.1156660882916472,1.0502612591083604,0.027257240204429302,0.0027257240204429305,0.08040408205339655,124.33986371379898,14.354504999999335,50.305404500000805,1921.25
20,12,123,587,hybrid,0.75,1.026084407670313,1.1156660882916472,1.0502612591083604,0.028960817717206135,0.0028960817717206136,0.06988970209256777,138.59710391822827,13.77798520000033,50.305404500000805,1921.25
40,12,42,587,popularity,,,1.1156660882916472,1.0502612591083604,0.04258943781942078,0.004258943781942078,0.012163694464488197,233.31856899488926,1.561553499999718,0.0,75.7890625
40,12,42,587,content,,,1.1156660882916472,1.0502612591083604,0.005110732538330494,0.0005110732538330494,0.08256880733944955,32.43628620102215,20.640746400000353,0.0,310.15625
40,12,42,587,collaborative,,1.0210523333436168,1.1156660882916472,1.0502612591083604,0.03236797274275979,0.00323679727427598,0.09957736315843728,121.65860306643953,5.834882400000424,51.35194229999979,3222.1875
40,12,42,587,hybrid,0.25,1.0210523333436168,1.1156660882916472,1.0502612591083604,0.027257240204429302,0.0027257240204429305,0.12266776620966911,87.26916524701873,14.152321199999278,51.35194229999979,3532.34375
40,12,42,587,hybrid,0.5,1.0210523333436168,1.1156660882916472,1.0502612591083604,0.03577512776831346,0.003577512776831346,0.10679311411194722,109.66064735945486,13.43488669999897,51.35194229999979,3532.34375
40,12,42,587,hybrid,0.75,1.0210523333436168,1.1156660882916472,1.0502612591083604,0.039182282793867124,0.003918228279386713,0.10060818472322441,119.53935264054515,14.471507700000075,51.35194229999979,3532.34375
40,12,7,587,popularity,,,1.1156660882916472,1.0502612591083604,0.04258943781942078,0.004258943781942078,0.012163694464488197,233.31856899488926,1.718431999999666,0.0,75.7890625
40,12,7,587,content,,,1.1156660882916472,1.0502612591083604,0.005110732538330494,0.0005110732538330494,0.08256880733944955,32.43628620102215,22.8658437999984,0.0,310.15625
40,12,7,587,collaborative,,1.0243677702192988,1.1156660882916472,1.0502612591083604,0.030664395229982964,0.0030664395229982964,0.09473250180393773,123.9954003407155,6.4253620999988925,52.63596999999936,3222.1875
40,12,7,587,hybrid,0.25,1.0243677702192988,1.1156660882916472,1.0502612591083604,0.027257240204429302,0.0027257240204429305,0.12421399855684981,89.95758091993186,17.18246369999906,52.63596999999936,3532.34375
40,12,7,587,hybrid,0.5,1.0243677702192988,1.1156660882916472,1.0502612591083604,0.039182282793867124,0.003918228279386713,0.10493763529533037,112.19914821124361,15.916013799998836,52.63596999999936,3532.34375
40,12,7,587,hybrid,0.75,1.0243677702192988,1.1156660882916472,1.0502612591083604,0.03236797274275979,0.00323679727427598,0.09493866611689517,122.15775127768313,15.721584499999153,52.63596999999936,3532.34375
40,12,123,587,popularity,,,1.1156660882916472,1.0502612591083604,0.04258943781942078,0.004258943781942078,0.012163694464488197,233.31856899488926,2.8649967000001197,0.0,75.7890625
40,12,123,587,content,,,1.1156660882916472,1.0502612591083604,0.005110732538330494,0.0005110732538330494,0.08256880733944955,32.43628620102215,36.44434870000077,0.0,310.15625
40,12,123,587,collaborative,,1.0183697944777284,1.1156660882916472,1.0502612591083604,0.04599659284497445,0.0045996592844974446,0.09834037728069271,122.71856899488927,5.964855700000044,100.88051739999901,3222.1875
40,12,123,587,hybrid,0.25,1.0183697944777284,1.1156660882916472,1.0502612591083604,0.030664395229982964,0.0030664395229982964,0.12266776620966911,88.76763202725724,17.840214199999537,100.88051739999901,3532.34375
40,12,123,587,hybrid,0.5,1.0183697944777284,1.1156660882916472,1.0502612591083604,0.04599659284497445,0.0045996592844974446,0.10462838882589424,110.50051107325383,21.446421099999498,100.88051739999901,3532.34375
40,12,123,587,hybrid,0.75,1.0183697944777284,1.1156660882916472,1.0502612591083604,0.044293015332197615,0.004429301533219762,0.0966910627770333,121.512265758092,32.732873999999356,100.88051739999901,3532.34375
