movieId,title,count,mean,weighted_score
1178,Paths of Glory (1957),12,4.541666666666667,4.0216118251418145
1104,"Streetcar Named Desire, A (1951)",20,4.475,4.109958868856361
2360,"Celebration, The (Festen) (1998)",12,4.458333333333333,3.9799451584751475
1217,Ran (1985),15,4.433333333333334,4.019210511237168
318,"Shawshank Redemption, The (1994)",317,4.429022082018927,4.3951935677915
951,His Girl Friday (1940),14,4.392857142857143,3.981487838592444
3468,"Hustler, The (1961)",18,4.333333333333333,4.000622793446785
922,Sunset Blvd. (a.k.a. Sunset Boulevard) (1950),27,4.333333333333333,4.077402148805219
3435,Double Indemnity (1944),17,4.323529411764706,3.9834028897725355
905,It Happened One Night (1934),14,4.321428571428571,3.9430263001309056
